column_name,category,data_type,units_or_format,allowed_values_or_range,description,derived_or_raw,calculation_formula_or_rule,iks_relevance
participant_id,Identifier,String,HS-OBS-XXXX,HS-OBS-0001 to HS-OBS-0650,Unique anonymous participant identifier in observational cohort,Raw Identifier,Sequential ID,Anonymized tracking without PII collection
data_source_nature,Provenance,String,Categorical Label,Empirical Lifestyle Survey (Academic Observational Cohort),Multi-cohort lifestyle survey and observational study,Metadata,Static tag,Ethical transparency and compliance with research integrity standards
age,Demographics,Integer,Years,18 - 75,Self-reported chronological age of the participant,Raw Input,User entry,"Vaya (Age) classification: Balya, Madhyama, Vriddha"
gender,Demographics,String,Category,"Male, Female, Other",Gender identity of the participant,Raw Input,User entry,Constitutional considerations in Dinacharya
height_cm,Biometrics,Float,Centimeters (cm),140.0 - 205.0,Standing stature in centimeters,Raw Input,User entry,Sharira Pramana (Bodily Anthropometrics)
weight_kg,Biometrics,Float,Kilograms (kg),40.0 - 130.0,Total body weight in kilograms,Raw Input,User entry,Used to compute hydration requirements (Ushnodaka)
bmi,Biometrics,Float,kg/m^2,16.0 - 40.0,Body Mass Index indicating body fatness proxy,Derived Feature,weight_kg / ((height_cm / 100) ^ 2),Sthaulya (Obesity) vs Karshya (Emaciation) assessment
bmi_category,Biometrics,String,Category,"Underweight, Normal, Overweight, Obesity Range",Qualitative classification of BMI,Derived Feature,WHO Standard BMI cutoffs,Nutritional and physical vigor stratification
occupation,Demographics,String,Category,7 Occupational archetypes,Primary profession indicating sedentary or active daytime load,Raw Input,User selection,Karma (Occupational duty) and Vihara alignment
sleep_duration_hrs,Sleep,Float,Hours,3.5 - 10.5,Average nocturnal sleep duration in hours,Raw Input,User slider entry,Nidra: One of the Trayopasthambha (Three Pillars of Life)
sleep_time_dec,Sleep,Float,"Decimal Hours [0.0, 24.0)",0.0 - 24.0,Bedtime converted into decimal 24-hour circadian scale,Derived Feature,Parsed from 12-hr AM/PM string to decimal hours,Ratricharya: Retiring before nocturnal Pitta cycle (< 10:30 PM)
wake_up_time_dec,Sleep,Float,"Decimal Hours [0.0, 24.0)",0.0 - 24.0,Morning awakening time in decimal 24-hour scale,Derived Feature,Parsed from 12-hr AM/PM string to decimal hours,Brahma Muhurta awakening synchronization
sleep_quality,Sleep,String,Category,"Poor, Moderate, Good",Subjective restfulness and depth of nocturnal sleep,Raw Input,User selection,"Sukhaprada Nidra (Wholesome, deep restorative sleep)"
work_study_hrs,Daily Routine,Float,Hours,2.0 - 15.0,Total daily dedicated work or study time,Raw Input,User entry,Kala Yoga: Work vs leisure balance
screen_time_hrs,Daily Routine,Float,Hours,1.0 - 14.0,"Daily exposure to computers, phones, and digital displays",Raw Input,User entry,Chakshu Indriya Atiyoga (Sensory organ overuse & eye strain)
physical_activity_min,Activity,Float,Minutes / Day,0 - 150,"Dedicated physical exercise, yoga, walking, or sports",Raw Input,User entry,Vyayama Ardhshakti: Half-capacity daily physical exercise
water_intake_liters,Hydration,Float,Liters / Day,0.5 - 5.5,Total plain water and warm fluid consumed per day,Raw Input,User entry,"Ushnodaka: Warm, therapeutic hydration stimulating Agni"
meal_regularity,Daily Routine,String,Category,"Regular, Irregular",Whether daily meals are taken at consistent scheduled windows,Raw Input,User selection,Kala Bhojana: Eating aligned with diurnal solar rhythms
outdoor_time_min,Daily Routine,Float,Minutes / Day,0 - 120,Time spent in natural outdoor sunlight and fresh air,Raw Input,User entry,Prakriti Sambandha: Connection with elemental macrocosm
stress_level,Mental Wellness,Integer,1 to 10 Scale,1 (Serene) to 10 (Severe Tension),Self-reported emotional and cognitive stress intensity,Raw Input,User slider,Manasika Doshas: Rajas (turbulence) and Tamas (inertia)
mood,Mental Wellness,String,Category,"Low, Neutral, Good",General daily affective psychological tone,Raw Input,User selection,Prasannata: Mental serenity and emotional harmony
relaxation_activity,Mental Wellness,Boolean,True / False,"True, False","Whether the participant engages in regular mindfulness, meditation, or yoga",Raw Input,User radio selection,Sadvritta and Dhyana: Contemplative pauses
breakfast_regular,Nutrition,Boolean,True / False,"True, False",Whether the participant consumes regular morning breakfast,Raw Input,User radio selection,Agni Deepana: Ignition of morning metabolic fire
fruit_veg_intake,Nutrition,String,Category,"Low, Medium, High",Daily consumption frequency of fresh fruits and vegetables,Raw Input,User selection,"Purna / Satvik Ahara: Fresh, vibrant nourishment"
processed_food_freq,Nutrition,String,Category,"Low, Medium, High","Frequency of consuming ultra-processed, packaged, or junk food",Raw Input,User selection,"Aama Utpatti: Avoidance of toxic, stale, or artificial foods"
caffeine_freq,Nutrition,String,Category,"Low, Medium, High","Frequency of consuming caffeinated coffee, energy drinks, or tea",Raw Input,User selection,Pitta Prashamana: Minimizing excessive heat and adrenal stimulation
meal_timing_consistency,Daily Routine,String,Category,"Regular, Irregular",Consistency of meal timing day-to-day,Raw Input,User selection,Agni Samata: Preserving steady digestive metabolism
health_conditions,Health Context,String,Semicolon-Delimited List,12 Condition labels,Self-reported pre-existing health condition context,Raw Input,Multi-select checkboxes,Non-diagnostic lifestyle context (Svasthavritta Paripalana)
sleep_score,Derived Score,Float,0 to 100 Index,5.0 - 100.0,"Derived metric quantifying sleep duration, quality, and bedtime alignment",Derived Feature,Mathematical equation in src/scoring.py,Nidra Trayopasthambha scoring
activity_score,Derived Score,Float,0 to 100 Index,5.0 - 100.0,Derived metric quantifying physical exercise and outdoor sunlight vs screen penalty,Derived Feature,Mathematical equation in src/scoring.py,Vyayama and Sthirya (stability) scoring
stress_score,Derived Score,Float,0 to 100 Index,5.0 - 100.0,Derived metric quantifying emotional balance and stress resilience,Derived Feature,Mathematical equation in src/scoring.py,Sadvritta and Manasika Shanti scoring
hydration_score,Derived Score,Float,0 to 100 Index,5.0 - 100.0,Derived metric quantifying water intake calibrated to body mass and activity,Derived Feature,Mathematical equation in src/scoring.py,Ushnodaka fluid balance scoring
routine_score,Derived Score,Float,0 to 100 Index,10.0 - 100.0,"Derived metric quantifying meal regularity, work hours, and early rising",Derived Feature,Mathematical equation in src/scoring.py,Dinacharya circadian rhythm consistency
nutrition_score,Derived Score,Float,0 to 100 Index,10.0 - 100.0,Derived metric quantifying wholesome dietary habits and stimulant moderation,Derived Feature,Mathematical equation in src/scoring.py,Ahara Vidhi dietary excellence
lifestyle_wellness_score,Composite Score,Float,0 to 100 Index,5.0 - 100.0,Weighted composite score across all six lifestyle dimensions,Composite Metric,0.22*Sleep + 0.20*Stress + 0.18*Act + 0.18*Nut + 0.12*Rout + 0.10*Hyd,Svasthya (Holistic health equilibrium) overall index
wellness_category,Classification,String,Qualitative Band,"Needs Attention, Moderate, Good, Excellent",Qualitative band mapped to classical Ayurvedic health stages,Derived Feature,"Score cutoffs: >=85 Svastha, >=70 Prasanna, >=55 Madhyama, <55 Hina Vihara",Classical health stage classification
