plant_id,common_name,scientific_name,sanskrit_name,traditional_system,rasa_virya_vipaka,traditional_information,modern_research_summary,research_references,safety_notes,suitable_for
PLANT-001,Ashwagandha,Withania somnifera,Ashwagandha,Ayurveda,Tikta-Kashaya-Madhura / Ushna / Madhura,"Traditionally revered in Ayurveda as a premier Rasayana (rejuvenator) and Medhya herb known to pacify Vata and Kapha doshas and support vitality (Ojas).","Modern pharmacological investigations observe adaptogenic properties that may assist the body in modulating physiological responses to chronic stress and cortisol levels.","Chandrasekhar et al. (2012) Indian J Psychol Med; Salve et al. (2019) Cureus","Traditionally considered safe in culinary/tonic quantities. Avoid during pregnancy or with acute hyperthyroid medications without physician supervision.","Stress management; sleep quality support; fatigue recovery"
PLANT-002,Turmeric,Curcuma longa,Haridra,Ayurveda,Tikta-Katu / Ushna / Katu,"Traditionally used in Ayurveda as a deep cleansing Vishaghna (anti-toxin) herb and blood purifier that harmonizes all three doshas, especially Pitta and Kapha.","Rich in curcuminoids with extensively studied antioxidant properties that support physiological inflammatory response and cellular defense mechanisms.","Hewlings & Kalman (2017) Foods; Gupta et al. (2013) AAPS J","Safe as a dietary spice. High-dose concentrated supplements should be used cautiously with anticoagulant therapy or gallstones.","General wellness; joint mobility; skin radiance; digestive support"
PLANT-003,Ginger,Zingiber officinale,Ardraka / Shunthi,Ayurveda,Katu / Ushna / Madhura,"Celebrated in Ayurvedic texts as Vishwabhesaja (universal medicine) that stimulates Agni (digestive fire), alleviates Aama (metabolic toxins), and balances Vata.","Active gingerols and shogaols have been clinically studied for promoting gastrointestinal motility, mitigating nausea, and supporting thermogenesis.","Marx et al. (2017) Crit Rev Food Sci Nutr; Bode & Dong (2011) Herbal Medicine","Generally recognized as safe. Moderation advised in individuals with acute gastric ulcers or severe Pitta aggravation (hyperacidity).","Digestive fire stimulation; cold season warming; metabolic support"
PLANT-004,Tulsi (Holy Basil),Ocimum sanctum,Tulasi,Ayurveda,Katu-Tikta / Ushna / Katu,"Revered as the 'Queen of Herbs' and an exemplary adaptogen that clears the respiratory channels (Pranavaha Srotas) and uplifts the mind (Sattva).","Scientific studies report antimicrobial, cardioprotective, and adaptogenic properties that support resilience against physical and environmental stressors.","Cohen (2014) J Ayurveda Integr Med; Jamshidi & Cohen (2017) Evid Based Complement Alternat Med","Safe for daily culinary infusion (tea). Moderation recommended for individuals trying to conceive or on blood thinners.","Mental calm; respiratory comfort; seasonal transitions; environmental resilience"
PLANT-005,Amla (Indian Gooseberry),Phyllanthus emblica,Amalaki,Ayurveda,Pancha-Rasa (except Saline) / Sheeta / Madhura,"Regarded as one of the supreme Rasayanas in Charaka Samhita. Possesses cooling energy that pacifies Pitta while nourishing tissues without dampening digestive fire.","Natural rich source of heat-stable Vitamin C and polyphenols (ellagitannins) that offer cellular antioxidant protection and healthy metabolic support.","Variya et al. (2016) Pharmacol Res; Dasaroju & Gottumukkala (2014) Int J Pharm Sci Res","Exceptionally safe food tonic. Mild laxative action in very large doses due to cooling fibrous content.","Immunity replenishment; eye health; metabolic vitality; digestive cooling"
PLANT-006,Neem,Azadirachta indica,Nimba,Ayurveda,Tikta-Kashaya / Sheeta / Katu,"Classical bitter herb celebrated for its intense cooling nature and ability to purify Rakta (blood) and reduce excessive Kapha and Pitta.","Scientific evaluations confirm high concentrations of nimbin and azadirachtin demonstrating broad-spectrum antibacterial and dermal support properties.","Alzohairy (2016) Evid Based Complement Alternat Med; Subapriya & Nagini (2005) Curr Med Chem","Potent bitter herb intended for short-term or topical applications. Contraindicated in pregnancy, infant care, and extreme debilitation (Vata depletion).","Skin clarity; oral hygiene; detoxification regimens; seasonal cleansing"
PLANT-007,Brahmi,Bacopa monnieri,Brahmi,Ayurveda,Tikta-Kashaya / Sheeta / Madhura,"Premier Medhya Rasayana (nervine tonic) in classical Ayurveda dedicated to enhancing Dhi (acquisition), Dhriti (retention), and Smriti (recall).","Clinical trials demonstrate bacosides facilitate synaptic communication, support brain neurochemistry, and assist healthy working memory in adults.","Stough et al. (2001) Psychopharmacology; Kongkeaw et al. (2014) J Ethnopharmacol","Generally well tolerated when taken with healthy fats (ghee/milk). Mild gastrointestinal sensitivity may occur on an empty stomach.","Focus; memory support; mental tranquility; academic study routine"
PLANT-008,Guduchi,Tinospora cordifolia,Guduchi / Amrita,Ayurveda,Tikta-Kashaya / Ushna / Madhura,"Named 'Amrita' (nectar of immortality) in Sanskrit texts. Unique among herbs because its bitter taste purifies while its sweet post-digestive effect rejuvenates all three doshas.","Contains diterpenoid lactones and polysaccharides demonstrated in pre-clinical studies to modulate immune phagocytosis and systemic resilience.","Saha & Ghosh (2012) J Ayurveda Integr Med; Sharma et al. (2012) Indian J Med Res","Safe when sourced from authentic preparations. Consult an Ayurvedic physician if managing autoimmune protocols.","Immune defense modulation; convalescence support; metabolic balance"
PLANT-009,Shatavari,Asparagus racemosus,Shatavari,Ayurveda,Madhura-Tikta / Sheeta / Madhura,"Traditional nourishing adaptogen with cooling and moistening attributes that soothe Pitta and Vata, traditionally celebrated for vital reproductive and hormonal balance.","Contains steroidal saponins (shatavarins) that support hormonal endocrine homeostasis and mucosal lining integrity in clinical and pharmacological assays.","Alok et al. (2013) Asian Pac J Trop Dis; Pandey et al. (2018) Biomed Pharmacother","Nourishing and moistening herb. Exercise prudence in cases of heavy Kapha congestion or acute lymphatic dampness.","Hormonal balance; vitality replenishment; tissue nourishment; soothing dryness"
PLANT-010,Licorice,Glycyrrhiza glabra,Yashtimadhu,Ayurveda,Madhura-Tikta / Sheeta / Madhura,"Classical soothing demulcent described in ancient texts as throat-soothing (Kanthya) and rejuvenating (Rasayana), imparting harmony to herbal formulations.","Glycyrrhizin and flavonoids exert protective effects on gastric mucosa, soothing digestive fire and calming respiratory tract irritation.","Fiore et al. (2005) Phytother Res; Pastorino et al. (2018) Phytomedicine","Excessive long-term consumption of high glycyrrhizin doses may influence potassium retention and blood pressure. Avoid high doses in hypertension.","Vocal comfort; gastric mucosal soothing; stress adaptation; sweet demulcent support"
