source_id,topic,source_name,source_type,url,access_date,notes
SRC-001,Ayush Research,Ministry of Ayush - Ayush Research Portal,Government Portal,https://arp.ayush.gov.in/researchabout,2026-09-15,"Official database for indexed peer-reviewed Ayurvedic research and clinical trials"
SRC-002,Global Strategy,WHO Global Traditional Medicine Strategy 2025-2034,International Policy,https://www.who.int/teams/who-global-traditional-medicine-centre/traditional-medicine-strategy-2025-2034,2026-09-15,"WHO policy framework for evidence-based integration and safety of traditional medicine"
SRC-003,Integrative Medicine,WHO Traditional Complementary and Integrative Medicine,International Guidelines,https://www.who.int/teams/integrated-health-services/traditional-complementary-and-integrative-medicine/global-strategies,2026-09-15,"Global strategies for standardizing quality and safety of traditional health practices"
SRC-004,Public Health FAQ,WHO Traditional Medicine Questions and Answers,Official Brief,https://www.who.int/news-room/questions-and-answers/item/traditional-medicine,2026-09-15,"Official public health positions and limitations of traditional healthcare"
SRC-005,Classical Treatise,Charaka Samhita (Sutrasthana Chapter 21 - Ashtauninditiya),Classical Text,https://www.carakasamhitaonline.com,2026-09-15,"Classical formulation of Nidra (Sleep) as one of the three pillars of life (Trayopasthambha)"
SRC-006,Circadian Routine,Astanga Hridaya (Sutrasthana Chapter 2 - Dinacharya Adhyaya),Classical Text,https://vedicheritage.gov.in,2026-09-15,"Foundational rules for daily routine: Brahma Muhurta awakening, hygiene, exercise, and seasonal alignment"
SRC-007,Nutritional Science,Charaka Samhita (Sutrasthana Chapter 27 - Annapanavidhi),Classical Text,https://www.carakasamhitaonline.com,2026-09-15,"Classical dietary guidelines on meal frequency, hunger cues, mindful eating, and digestive fire (Agni)"
SRC-008,Stress & Adaptogens,Chandrasekhar et al. (2012) Indian Journal of Psychological Medicine,Peer-Reviewed Journal,https://pubmed.ncbi.nlm.nih.gov/23439798/,2026-09-15,"Prospective randomized double-blind placebo-controlled study on Ashwagandha root extract for stress and anxiety"
SRC-009,Phytotherapy,Hewlings & Kalman (2017) Foods Journal,Peer-Reviewed Journal,https://www.ncbi.nlm.nih.gov/pmc/articles/PMC5664031/,2026-09-15,"Curcumin: A Review of Its Effects on Human Health and Antioxidant Capacities"
SRC-010,Herbal Adaptogens,Cohen (2014) Journal of Ayurveda and Integrative Medicine,Peer-Reviewed Journal,https://www.ncbi.nlm.nih.gov/pmc/articles/PMC4296439/,2026-09-15,"Tulsi - Ocimum sanctum: A herb for all reasons in lifestyle and stress management"
SRC-011,Cognitive Wellness,Stough et al. (2001) Psychopharmacology,Peer-Reviewed Journal,https://pubmed.ncbi.nlm.nih.gov/11498727/,2026-09-15,"The chronic effects of an extract of Bacopa monnieri on cognitive function in healthy human subjects"
SRC-012,Hydration & Digestion,Bhavaprakasha Nighantu (Varivarga),Classical Text,https://vedicheritage.gov.in,2026-09-15,"Ayurvedic perspectives on warm water intake (Ushnodaka) for metabolic fire and detoxification"
